<?xml version="1.0" encoding="utf-8"?>

<Defs>

<!--================Potion of Stats==================-->
  
<!--==Pain==-->
<ThingDef>
    <defName>PPotionPain</defName>
    <label>Pain potion of stats</label>
    <description>A potion that decreases the pain for short time.</description>
    <graphicData>
      <texPath>Things/Item/PotionStats</texPath>
      <graphicClass>Graphic_Single</graphicClass>
    </graphicData>
    <statBases>
      <DeteriorationRate>0.25</DeteriorationRate>
      <MarketValue>40</MarketValue>
      <Mass>0.3</Mass>
      <WorkToMake>450</WorkToMake>
      <Nutrition>0.05</Nutrition>
	  <MaxHitPoints>50</MaxHitPoints>
      <Flammability>1.0</Flammability>
	  <Beauty>0</Beauty>
    </statBases>
    <ingestible>
      <preferability>MealSimple</preferability>
      <optimalityOffsetHumanlikes>-5</optimalityOffsetHumanlikes>
      <optimalityOffsetFeedingAnimals>-10</optimalityOffsetFeedingAnimals>
			<ingestEffect>DrinkPotion</ingestEffect>
      <!--<ingestSound>Ingest_Pill</ingestSound>-->
	  <foodType>Meal</foodType>
      <maxNumToIngestAtOnce>1</maxNumToIngestAtOnce>
	  <outcomeDoers>
        <li Class="IngestionOutcomeDoer_GiveHediff">
          <hediffDef>PainHigh</hediffDef>
          <severity>1.00</severity>
          <doToGeneratedPawnIfAddicted>true</doToGeneratedPawnIfAddicted>
        </li>
      </outcomeDoers>
	    <ingestCommandString>Drink {0}</ingestCommandString>
      <ingestReportString>Drinking {0}.</ingestReportString>
    </ingestible>
	<uiIconForStackCount>1</uiIconForStackCount>
	<pathCost>15</pathCost>
    <resourceReadoutPriority>Last</resourceReadoutPriority>
    <drawGUIOverlay>true</drawGUIOverlay>
	<comps>
      <li Class="CompProperties_Forbiddable" />
      <li Class="CompProperties_Ingredients" />
      <li Class="CompProperties_FoodPoisonable" />
    </comps>
	<alwaysHaulable>true</alwaysHaulable>
	<thingClass>ThingWithComps</thingClass>
	<category>Item</category>
	<useHitPoints>true</useHitPoints>
    <selectable>true</selectable>
    <altitudeLayer>Item</altitudeLayer>
    <stackLimit>10</stackLimit>
    <tickerType>Rare</tickerType>
    <socialPropernessMatters>true</socialPropernessMatters>
    <thingCategories>
      <li><!--FoodMeals-->PPotionsStats</li>
    </thingCategories>
	<techLevel>Medieval</techLevel>
  </ThingDef>

<!--==Consciousness==-->
  <ThingDef>
    <defName>PPotionConsciousness</defName>
    <label>Consciousness potion of stats</label>
    <description>A potion that increases the consciousness for short time.</description>
    <graphicData>
      <texPath>Things/Item/PotionStats</texPath>
      <graphicClass>Graphic_Single</graphicClass>
    </graphicData>
    <statBases>
      <DeteriorationRate>0.25</DeteriorationRate>
      <MarketValue>40</MarketValue>
      <Mass>0.3</Mass>
      <WorkToMake>450</WorkToMake>
      <Nutrition>0.05</Nutrition>
	  <MaxHitPoints>50</MaxHitPoints>
      <Flammability>1.0</Flammability>
	  <Beauty>0</Beauty>
    </statBases>
    <ingestible>
      <preferability>MealSimple</preferability>
      <optimalityOffsetHumanlikes>-5</optimalityOffsetHumanlikes>
      <optimalityOffsetFeedingAnimals>-10</optimalityOffsetFeedingAnimals>
      <ingestEffect>DrinkPotion</ingestEffect>
      <!--<ingestSound>Ingest_Pill</ingestSound>-->
	    <foodType>Meal</foodType>
      <maxNumToIngestAtOnce>1</maxNumToIngestAtOnce>
	  <outcomeDoers>
        <li Class="IngestionOutcomeDoer_GiveHediff">
          <hediffDef>ConsciousnessHigh</hediffDef>
          <severity>1.00</severity>
          <doToGeneratedPawnIfAddicted>true</doToGeneratedPawnIfAddicted>
        </li>
      </outcomeDoers>
	  <ingestCommandString>Drink {0}</ingestCommandString>
      <ingestReportString>Drinking {0}.</ingestReportString>
    </ingestible>
	<uiIconForStackCount>1</uiIconForStackCount>
	<pathCost>15</pathCost>
    <resourceReadoutPriority>Last</resourceReadoutPriority>
    <drawGUIOverlay>true</drawGUIOverlay>
	<comps>
      <li Class="CompProperties_Forbiddable" />
      <li Class="CompProperties_Ingredients" />
      <li Class="CompProperties_FoodPoisonable" />
    </comps>
	<alwaysHaulable>true</alwaysHaulable>
	<thingClass>ThingWithComps</thingClass>
	<category>Item</category>
	<useHitPoints>true</useHitPoints>
    <selectable>true</selectable>
    <altitudeLayer>Item</altitudeLayer>
    <stackLimit>10</stackLimit>
    <tickerType>Rare</tickerType>
    <socialPropernessMatters>true</socialPropernessMatters>
    <thingCategories>
      <li><!--FoodMeals-->PPotionsStats</li>
    </thingCategories>
	<techLevel>Medieval</techLevel>
  </ThingDef>
  
    <!--==Sight==-->
  <ThingDef>
    <defName>PPotionSight</defName>
    <label>Sight potion of stats</label>
    <description>A potion that increases the sight for short time.</description>
    <graphicData>
      <texPath>Things/Item/PotionStats</texPath>
      <graphicClass>Graphic_Single</graphicClass>
    </graphicData>
    <statBases>
      <DeteriorationRate>0.25</DeteriorationRate>
      <MarketValue>40</MarketValue>
      <Mass>0.3</Mass>
      <WorkToMake>450</WorkToMake>
      <Nutrition>0.05</Nutrition>
	  <MaxHitPoints>50</MaxHitPoints>
      <Flammability>1.0</Flammability>
	  <Beauty>0</Beauty>
    </statBases>
    <ingestible>
      <preferability>MealSimple</preferability>
      <optimalityOffsetHumanlikes>-5</optimalityOffsetHumanlikes>
      <optimalityOffsetFeedingAnimals>-10</optimalityOffsetFeedingAnimals>
      <ingestEffect>DrinkPotion</ingestEffect>
      <!--<ingestSound>Ingest_Pill</ingestSound>-->
	  <foodType>Meal</foodType>
      <maxNumToIngestAtOnce>1</maxNumToIngestAtOnce>
	  <outcomeDoers>
        <li Class="IngestionOutcomeDoer_GiveHediff">
          <hediffDef>SightHigh</hediffDef>
          <severity>1.00</severity>
          <doToGeneratedPawnIfAddicted>true</doToGeneratedPawnIfAddicted>
        </li>
      </outcomeDoers>
	  <ingestCommandString>Drink {0}</ingestCommandString>
      <ingestReportString>Drinking {0}.</ingestReportString>
    </ingestible>
	<uiIconForStackCount>1</uiIconForStackCount>
	<pathCost>15</pathCost>
    <resourceReadoutPriority>Last</resourceReadoutPriority>
    <drawGUIOverlay>true</drawGUIOverlay>
	<comps>
      <li Class="CompProperties_Forbiddable" />
      <li Class="CompProperties_Ingredients" />
      <li Class="CompProperties_FoodPoisonable" />
    </comps>
	<alwaysHaulable>true</alwaysHaulable>
	<thingClass>ThingWithComps</thingClass>
	<category>Item</category>
	<useHitPoints>true</useHitPoints>
    <selectable>true</selectable>
    <altitudeLayer>Item</altitudeLayer>
    <stackLimit>10</stackLimit>
    <tickerType>Rare</tickerType>
    <socialPropernessMatters>true</socialPropernessMatters>
    <thingCategories>
      <li><!--FoodMeals-->PPotionsStats</li>
    </thingCategories>
	<techLevel>Medieval</techLevel>
  </ThingDef>
  
<!--==Moving==-->
  <ThingDef>
    <defName>PPotionMoving</defName>
    <label>Moving potion of stats</label>
    <description>A potion that increases the moving for short time.</description>
    <graphicData>
      <texPath>Things/Item/PotionStats</texPath>
      <graphicClass>Graphic_Single</graphicClass>
    </graphicData>
    <statBases>
      <DeteriorationRate>0.25</DeteriorationRate>
      <MarketValue>40</MarketValue>
      <Mass>0.3</Mass>
      <WorkToMake>450</WorkToMake>
      <Nutrition>0.05</Nutrition>
	  <MaxHitPoints>50</MaxHitPoints>
      <Flammability>1.0</Flammability>
	  <Beauty>0</Beauty>
    </statBases>
    <ingestible>
      <preferability>MealSimple</preferability>
      <optimalityOffsetHumanlikes>-5</optimalityOffsetHumanlikes>
      <optimalityOffsetFeedingAnimals>-10</optimalityOffsetFeedingAnimals>
      <ingestEffect>DrinkPotion</ingestEffect>
      <!--<ingestSound>Ingest_Pill</ingestSound>-->
	  <foodType>Meal</foodType>
      <maxNumToIngestAtOnce>1</maxNumToIngestAtOnce>
	  <outcomeDoers>
        <li Class="IngestionOutcomeDoer_GiveHediff">
          <hediffDef>MovingHigh</hediffDef>
          <severity>1.00</severity>
          <doToGeneratedPawnIfAddicted>true</doToGeneratedPawnIfAddicted>
        </li>
      </outcomeDoers>
	  <ingestCommandString>Drink {0}</ingestCommandString>
      <ingestReportString>Drinking {0}.</ingestReportString>
    </ingestible>
	<uiIconForStackCount>1</uiIconForStackCount>
	<pathCost>15</pathCost>
    <resourceReadoutPriority>Last</resourceReadoutPriority>
    <drawGUIOverlay>true</drawGUIOverlay>
	<comps>
      <li Class="CompProperties_Forbiddable" />
      <li Class="CompProperties_Ingredients" />
      <li Class="CompProperties_FoodPoisonable" />
    </comps>
	<alwaysHaulable>true</alwaysHaulable>
	<thingClass>ThingWithComps</thingClass>
	<category>Item</category>
	<useHitPoints>true</useHitPoints>
    <selectable>true</selectable>
    <altitudeLayer>Item</altitudeLayer>
    <stackLimit>10</stackLimit>
    <tickerType>Rare</tickerType>
    <socialPropernessMatters>true</socialPropernessMatters>
    <thingCategories>
      <li><!--FoodMeals-->PPotionsStats</li>
    </thingCategories>
	<techLevel>Medieval</techLevel>
  </ThingDef>
  
  <!--==Metabolism==-->
  <ThingDef>
    <defName>PPotionMetabolism</defName>
    <label>Metabolism potion of stats</label>
    <description>A potion that increases the metabolism for short time.</description>
    <graphicData>
      <texPath>Things/Item/PotionStats</texPath>
      <graphicClass>Graphic_Single</graphicClass>
    </graphicData>
    <statBases>
      <DeteriorationRate>0.25</DeteriorationRate>
      <MarketValue>40</MarketValue>
      <Mass>0.3</Mass>
      <WorkToMake>450</WorkToMake>
      <Nutrition>0.05</Nutrition>
	  <MaxHitPoints>50</MaxHitPoints>
      <Flammability>1.0</Flammability>
	  <Beauty>0</Beauty>
    </statBases>
    <ingestible>
      <preferability>MealSimple</preferability>
      <optimalityOffsetHumanlikes>-5</optimalityOffsetHumanlikes>
      <optimalityOffsetFeedingAnimals>-10</optimalityOffsetFeedingAnimals>
      <ingestEffect>DrinkPotion</ingestEffect>
      <!--<ingestSound>Ingest_Pill</ingestSound>-->
	  <foodType>Meal</foodType>
      <maxNumToIngestAtOnce>1</maxNumToIngestAtOnce>
	  <outcomeDoers>
        <li Class="IngestionOutcomeDoer_GiveHediff">
          <hediffDef>MetabolismHigh</hediffDef>
          <severity>1.00</severity>
          <doToGeneratedPawnIfAddicted>true</doToGeneratedPawnIfAddicted>
        </li>
      </outcomeDoers>
	  <ingestCommandString>Drink {0}</ingestCommandString>
      <ingestReportString>Drinking {0}.</ingestReportString>
    </ingestible>
	<uiIconForStackCount>1</uiIconForStackCount>
	<pathCost>15</pathCost>
    <resourceReadoutPriority>Last</resourceReadoutPriority>
    <drawGUIOverlay>true</drawGUIOverlay>
	<comps>
      <li Class="CompProperties_Forbiddable" />
      <li Class="CompProperties_Ingredients" />
      <li Class="CompProperties_FoodPoisonable" />
    </comps>
	<alwaysHaulable>true</alwaysHaulable>
	<thingClass>ThingWithComps</thingClass>
	<category>Item</category>
	<useHitPoints>true</useHitPoints>
    <selectable>true</selectable>
    <altitudeLayer>Item</altitudeLayer>
    <stackLimit>10</stackLimit>
    <tickerType>Rare</tickerType>
    <socialPropernessMatters>true</socialPropernessMatters>
    <thingCategories>
      <li><!--FoodMeals-->PPotionsStats</li>
    </thingCategories>
	<techLevel>Medieval</techLevel>
  </ThingDef>
  
  <!--==Breathing==-->
  <ThingDef>
    <defName>PPotionBreathing</defName>
    <label>Breathing potion of stats</label>
    <description>A potion that increases the breathing for short time.</description>
    <graphicData>
      <texPath>Things/Item/PotionStats</texPath>
      <graphicClass>Graphic_Single</graphicClass>
    </graphicData>
    <statBases>
      <DeteriorationRate>0.25</DeteriorationRate>
      <MarketValue>40</MarketValue>
      <Mass>0.3</Mass>
      <WorkToMake>450</WorkToMake>
      <Nutrition>0.05</Nutrition>
	  <MaxHitPoints>50</MaxHitPoints>
      <Flammability>1.0</Flammability>
	  <Beauty>0</Beauty>
    </statBases>
    <ingestible>
      <preferability>MealSimple</preferability>
      <optimalityOffsetHumanlikes>-5</optimalityOffsetHumanlikes>
      <optimalityOffsetFeedingAnimals>-10</optimalityOffsetFeedingAnimals>
      <ingestEffect>DrinkPotion</ingestEffect>
      <!--<ingestSound>Ingest_Pill</ingestSound>-->
	  <foodType>Meal</foodType>
      <maxNumToIngestAtOnce>1</maxNumToIngestAtOnce>
	  <outcomeDoers>
        <li Class="IngestionOutcomeDoer_GiveHediff">
          <hediffDef>BreathingHigh</hediffDef>
          <severity>1.00</severity>
          <doToGeneratedPawnIfAddicted>true</doToGeneratedPawnIfAddicted>
        </li>
      </outcomeDoers>
	  <ingestCommandString>Drink {0}</ingestCommandString>
      <ingestReportString>Drinking {0}.</ingestReportString>
    </ingestible>
	<uiIconForStackCount>1</uiIconForStackCount>
	<pathCost>15</pathCost>
    <resourceReadoutPriority>Last</resourceReadoutPriority>
    <drawGUIOverlay>true</drawGUIOverlay>
	<comps>
      <li Class="CompProperties_Forbiddable" />
      <li Class="CompProperties_Ingredients" />
      <li Class="CompProperties_FoodPoisonable" />
    </comps>
	<alwaysHaulable>true</alwaysHaulable>
	<thingClass>ThingWithComps</thingClass>
	<category>Item</category>
	<useHitPoints>true</useHitPoints>
    <selectable>true</selectable>
    <altitudeLayer>Item</altitudeLayer>
    <stackLimit>10</stackLimit>
    <tickerType>Rare</tickerType>
    <socialPropernessMatters>true</socialPropernessMatters>
    <thingCategories>
      <li><!--FoodMeals-->PPotionsStats</li>
    </thingCategories>
	<techLevel>Medieval</techLevel>
  </ThingDef>
  
  <!--==BloodFiltration==-->
  <ThingDef>
    <defName>PPotionBloodFiltration</defName>
    <label>Blood filtration potion of stats</label>
    <description>A potion that increases the blood filtration for short time.</description>
    <graphicData>
      <texPath>Things/Item/PotionStats</texPath>
      <graphicClass>Graphic_Single</graphicClass>
    </graphicData>
    <statBases>
      <DeteriorationRate>0.25</DeteriorationRate>
      <MarketValue>40</MarketValue>
      <Mass>0.3</Mass>
      <WorkToMake>450</WorkToMake>
      <Nutrition>0.05</Nutrition>
	  <MaxHitPoints>50</MaxHitPoints>
      <Flammability>1.0</Flammability>
	  <Beauty>0</Beauty>
    </statBases>
    <ingestible>
      <preferability>MealSimple</preferability>
      <optimalityOffsetHumanlikes>-5</optimalityOffsetHumanlikes>
      <optimalityOffsetFeedingAnimals>-10</optimalityOffsetFeedingAnimals>
      <ingestEffect>DrinkPotion</ingestEffect>
      <!--<ingestSound>Ingest_Pill</ingestSound>-->
	  <foodType>Meal</foodType>
      <maxNumToIngestAtOnce>1</maxNumToIngestAtOnce>
	  <outcomeDoers>
        <li Class="IngestionOutcomeDoer_GiveHediff">
          <hediffDef>BloodFiltrationHigh</hediffDef>
          <severity>1.00</severity>
          <doToGeneratedPawnIfAddicted>true</doToGeneratedPawnIfAddicted>
        </li>
      </outcomeDoers>
	  <ingestCommandString>Drink {0}</ingestCommandString>
      <ingestReportString>Drinking {0}.</ingestReportString>
    </ingestible>
	<uiIconForStackCount>1</uiIconForStackCount>
	<pathCost>15</pathCost>
    <resourceReadoutPriority>Last</resourceReadoutPriority>
    <drawGUIOverlay>true</drawGUIOverlay>
	<comps>
      <li Class="CompProperties_Forbiddable" />
      <li Class="CompProperties_Ingredients" />
      <li Class="CompProperties_FoodPoisonable" />
    </comps>
	<alwaysHaulable>true</alwaysHaulable>
	<thingClass>ThingWithComps</thingClass>
	<category>Item</category>
	<useHitPoints>true</useHitPoints>
    <selectable>true</selectable>
    <altitudeLayer>Item</altitudeLayer>
    <stackLimit>10</stackLimit>
    <tickerType>Rare</tickerType>
    <socialPropernessMatters>true</socialPropernessMatters>
    <thingCategories>
      <li><!--FoodMeals-->PPotionsStats</li>
    </thingCategories>
	<techLevel>Medieval</techLevel>
  </ThingDef>
  
  <!--==BloodPumping==-->
  <ThingDef>
    <defName>PPotionBloodPumping</defName>
    <label>Blood pumping potion of stats</label>
    <description>A potion that increases the Blood pumping for short time.</description>
    <graphicData>
      <texPath>Things/Item/PotionStats</texPath>
      <graphicClass>Graphic_Single</graphicClass>
    </graphicData>
    <statBases>
      <DeteriorationRate>0.25</DeteriorationRate>
      <MarketValue>40</MarketValue>
      <Mass>0.3</Mass>
      <WorkToMake>450</WorkToMake>
      <Nutrition>0.05</Nutrition>
	  <MaxHitPoints>50</MaxHitPoints>
      <Flammability>1.0</Flammability>
	  <Beauty>0</Beauty>
    </statBases>
    <ingestible>
      <preferability>MealSimple</preferability>
      <optimalityOffsetHumanlikes>-5</optimalityOffsetHumanlikes>
      <optimalityOffsetFeedingAnimals>-10</optimalityOffsetFeedingAnimals>
      <ingestEffect>DrinkPotion</ingestEffect>
      <!--<ingestSound>Ingest_Pill</ingestSound>-->
	  <foodType>Meal</foodType>
      <maxNumToIngestAtOnce>1</maxNumToIngestAtOnce>
	  <outcomeDoers>
        <li Class="IngestionOutcomeDoer_GiveHediff">
          <hediffDef>BloodPumpingHigh</hediffDef>
          <severity>1.00</severity>
          <doToGeneratedPawnIfAddicted>true</doToGeneratedPawnIfAddicted>
        </li>
      </outcomeDoers>
	  <ingestCommandString>Drink {0}</ingestCommandString>
      <ingestReportString>Drinking {0}.</ingestReportString>
    </ingestible>
	<uiIconForStackCount>1</uiIconForStackCount>
	<pathCost>15</pathCost>
    <resourceReadoutPriority>Last</resourceReadoutPriority>
    <drawGUIOverlay>true</drawGUIOverlay>
	<comps>
      <li Class="CompProperties_Forbiddable" />
      <li Class="CompProperties_Ingredients" />
      <li Class="CompProperties_FoodPoisonable" />
    </comps>
	<alwaysHaulable>true</alwaysHaulable>
	<thingClass>ThingWithComps</thingClass>
	<category>Item</category>
	<useHitPoints>true</useHitPoints>
    <selectable>true</selectable>
    <altitudeLayer>Item</altitudeLayer>
    <stackLimit>10</stackLimit>
    <tickerType>Rare</tickerType>
    <socialPropernessMatters>true</socialPropernessMatters>
    <thingCategories>
      <li><!--FoodMeals-->PPotionsStats</li>
    </thingCategories>
	<techLevel>Medieval</techLevel>
  </ThingDef>
  
  <!--==Rest==-->
  <ThingDef>
    <defName>PPotionRest</defName>
    <label>Rest potion of stats</label>
    <description>A potion that decreases the rest need for short time.</description>
    <graphicData>
      <texPath>Things/Item/PotionStats</texPath>
      <graphicClass>Graphic_Single</graphicClass>
    </graphicData>
    <statBases>
      <DeteriorationRate>0.25</DeteriorationRate>
      <MarketValue>40</MarketValue>
      <Mass>0.3</Mass>
      <WorkToMake>450</WorkToMake>
      <Nutrition>0.05</Nutrition>
	  <MaxHitPoints>50</MaxHitPoints>
      <Flammability>1.0</Flammability>
	  <Beauty>0</Beauty>
    </statBases>
    <ingestible>
      <preferability>MealSimple</preferability>
      <optimalityOffsetHumanlikes>-5</optimalityOffsetHumanlikes>
      <optimalityOffsetFeedingAnimals>-10</optimalityOffsetFeedingAnimals>
      <ingestEffect>DrinkPotion</ingestEffect>
      <!--<ingestSound>Ingest_Pill</ingestSound>-->
	  <foodType>Meal</foodType>
      <maxNumToIngestAtOnce>1</maxNumToIngestAtOnce>
	  <outcomeDoers>
        <li Class="IngestionOutcomeDoer_GiveHediff">
          <hediffDef>RestHigh</hediffDef>
          <severity>1.00</severity>
          <doToGeneratedPawnIfAddicted>true</doToGeneratedPawnIfAddicted>
        </li>
      </outcomeDoers>
	  <ingestCommandString>Drink {0}</ingestCommandString>
      <ingestReportString>Drinking {0}.</ingestReportString>
    </ingestible>
	<uiIconForStackCount>1</uiIconForStackCount>
	<pathCost>15</pathCost>
    <resourceReadoutPriority>Last</resourceReadoutPriority>
    <drawGUIOverlay>true</drawGUIOverlay>
	<comps>
      <li Class="CompProperties_Forbiddable" />
      <li Class="CompProperties_Ingredients" />
      <li Class="CompProperties_FoodPoisonable" />
    </comps>
	<alwaysHaulable>true</alwaysHaulable>
	<thingClass>ThingWithComps</thingClass>
	<category>Item</category>
	<useHitPoints>true</useHitPoints>
    <selectable>true</selectable>
    <altitudeLayer>Item</altitudeLayer>
    <stackLimit>10</stackLimit>
    <tickerType>Rare</tickerType>
    <socialPropernessMatters>true</socialPropernessMatters>
    <thingCategories>
      <li><!--FoodMeals-->PPotionsStats</li>
    </thingCategories>
	<techLevel>Medieval</techLevel>
  </ThingDef>
  
  <!--==Manipulation==-->
  <ThingDef>
    <defName>PPotionManipulation</defName>
    <label>Manipulation potion of stats</label>
    <description>A potion that increases the Manipulation for short time.</description>
    <graphicData>
      <texPath>Things/Item/PotionStats</texPath>
      <graphicClass>Graphic_Single</graphicClass>
    </graphicData>
    <statBases>
      <DeteriorationRate>0.25</DeteriorationRate>
      <MarketValue>40</MarketValue>
      <Mass>0.3</Mass>
      <WorkToMake>450</WorkToMake>
      <Nutrition>0.05</Nutrition>
	  <MaxHitPoints>50</MaxHitPoints>
      <Flammability>1.0</Flammability>
	  <Beauty>0</Beauty>
    </statBases>
    <ingestible>
      <preferability>MealSimple</preferability>
      <optimalityOffsetHumanlikes>-5</optimalityOffsetHumanlikes>
      <optimalityOffsetFeedingAnimals>-10</optimalityOffsetFeedingAnimals>
      <ingestEffect>DrinkPotion</ingestEffect>
      <!--<ingestSound>Ingest_Pill</ingestSound>-->
	  <foodType>Meal</foodType>
      <maxNumToIngestAtOnce>1</maxNumToIngestAtOnce>
	  <outcomeDoers>
        <li Class="IngestionOutcomeDoer_GiveHediff">
          <hediffDef>ManipulationHigh</hediffDef>
          <severity>1.00</severity>
          <doToGeneratedPawnIfAddicted>true</doToGeneratedPawnIfAddicted>
        </li>
      </outcomeDoers>
	  <ingestCommandString>Drink {0}</ingestCommandString>
      <ingestReportString>Drinking {0}.</ingestReportString>
    </ingestible>
	<uiIconForStackCount>1</uiIconForStackCount>
	<pathCost>15</pathCost>
    <resourceReadoutPriority>Last</resourceReadoutPriority>
    <drawGUIOverlay>true</drawGUIOverlay>
	<comps>
      <li Class="CompProperties_Forbiddable" />
      <li Class="CompProperties_Ingredients" />
      <li Class="CompProperties_FoodPoisonable" />
    </comps>
	<alwaysHaulable>true</alwaysHaulable>
	<thingClass>ThingWithComps</thingClass>
	<category>Item</category>
	<useHitPoints>true</useHitPoints>
    <selectable>true</selectable>
    <altitudeLayer>Item</altitudeLayer>
    <stackLimit>10</stackLimit>
    <tickerType>Rare</tickerType>
    <socialPropernessMatters>true</socialPropernessMatters>
    <thingCategories>
      <li><!--FoodMeals-->PPotionsStats</li>
    </thingCategories>
	<techLevel>Medieval</techLevel>
  </ThingDef>
  
  <!--==Hunger==-->
  <ThingDef>
    <defName>PPotionHunger</defName>
    <label>Hunger potion of stats</label>
    <description>A potion that increases the hunger for short time. Why would you use it?</description>
    <graphicData>
      <texPath>Things/Item/PotionStats</texPath>
      <graphicClass>Graphic_Single</graphicClass>
    </graphicData>
    <statBases>
      <DeteriorationRate>0.25</DeteriorationRate>
      <MarketValue>40</MarketValue>
      <Mass>0.3</Mass>
      <WorkToMake>450</WorkToMake>
      <Nutrition>0.01</Nutrition>
	  <MaxHitPoints>50</MaxHitPoints>
      <Flammability>1.0</Flammability>
	  <Beauty>0</Beauty>
    </statBases>
    <ingestible>
      <preferability>MealSimple</preferability>
      <optimalityOffsetHumanlikes>-5</optimalityOffsetHumanlikes>
      <optimalityOffsetFeedingAnimals>-10</optimalityOffsetFeedingAnimals>
      <ingestEffect>DrinkPotion</ingestEffect>
      <!--<ingestSound>Ingest_Pill</ingestSound>-->
	  <foodType>Meal</foodType>
      <maxNumToIngestAtOnce>1</maxNumToIngestAtOnce>
	  <outcomeDoers>
        <li Class="IngestionOutcomeDoer_GiveHediff">
          <hediffDef>HungerHigh</hediffDef>
          <severity>1.00</severity>
          <doToGeneratedPawnIfAddicted>true</doToGeneratedPawnIfAddicted>
        </li>
      </outcomeDoers>
	  <ingestCommandString>Drink {0}</ingestCommandString>
      <ingestReportString>Drinking {0}.</ingestReportString>
    </ingestible>
	<uiIconForStackCount>1</uiIconForStackCount>
	<pathCost>15</pathCost>
    <resourceReadoutPriority>Last</resourceReadoutPriority>
    <drawGUIOverlay>true</drawGUIOverlay>
	<comps>
      <li Class="CompProperties_Forbiddable" />
      <li Class="CompProperties_Ingredients" />
      <li Class="CompProperties_FoodPoisonable" />
    </comps>
	<alwaysHaulable>true</alwaysHaulable>
	<thingClass>ThingWithComps</thingClass>
	<category>Item</category>
	<useHitPoints>true</useHitPoints>
    <selectable>true</selectable>
    <altitudeLayer>Item</altitudeLayer>
    <stackLimit>10</stackLimit>
    <tickerType>Rare</tickerType>
    <socialPropernessMatters>true</socialPropernessMatters>
    <thingCategories>
      <li><!--FoodMeals-->PPotionsStats</li>
    </thingCategories>
	<techLevel>Medieval</techLevel>
  </ThingDef>

<!--================Hediffs==================-->

<!--==Pain==-->
  <HediffDef>
    <defName>PainHigh</defName>
    <hediffClass>HediffWithComps</hediffClass>
    <label>high on Pain potion of stats</label>
    <description>Strange substances in the bloodstream.</description>
    <labelNoun>a Pain potion of stats high</labelNoun>
    <defaultLabelColor>(0,1,0.5)</defaultLabelColor>
    <scenarioCanAdd>true</scenarioCanAdd>
    <maxSeverity>1.0</maxSeverity>
    <isBad>false</isBad>
    <comps>
      <li Class="HediffCompProperties_SeverityPerDay">
        <severityPerDay>-0.50</severityPerDay>
      </li>
    </comps>
      <stages>
        <li>
          <painFactor>0.50</painFactor>
        </li>
      </stages>
  </HediffDef>
  
  <!--==Consciousness==-->
  <HediffDef>
    <defName>ConsciousnessHigh</defName>
    <hediffClass>HediffWithComps</hediffClass>
    <label>high on Consciousness potion of stats</label>
    <description>Strange substances in the bloodstream.</description>
    <labelNoun>a Consciousness potion of stats high</labelNoun>
    <defaultLabelColor>(0,1,0.5)</defaultLabelColor>
    <scenarioCanAdd>true</scenarioCanAdd>
    <maxSeverity>1.0</maxSeverity>
    <isBad>false</isBad>
    <comps>
      <li Class="HediffCompProperties_SeverityPerDay">
        <severityPerDay>-0.50</severityPerDay>
      </li>
    </comps>
      <stages>
        <li>
			<capMods>
            	<li>
              		<capacity>Consciousness</capacity>
              		<offset>0.50</offset>
            	</li>
        	</capMods>
        </li>
      </stages>
  </HediffDef>
  
  <!--==Sight==-->
  <HediffDef>
    <defName>SightHigh</defName>
    <hediffClass>HediffWithComps</hediffClass>
    <label>high on Sight potion of stats</label>
    <description>Strange substances in the bloodstream.</description>
    <labelNoun>a Sight potion of stats high</labelNoun>
    <defaultLabelColor>(0,1,0.5)</defaultLabelColor>
    <scenarioCanAdd>true</scenarioCanAdd>
    <maxSeverity>1.0</maxSeverity>
    <isBad>false</isBad>
    <comps>
      <li Class="HediffCompProperties_SeverityPerDay">
        <severityPerDay>-0.50</severityPerDay>
      </li>
    </comps>
      <stages>
        <li>
			<capMods>
            	<li>
              		<capacity>Sight</capacity>
              		<offset>0.50</offset>
            	</li>
        	</capMods>
        </li>
      </stages>
  </HediffDef>
  
  <!--==Moving==-->
  <HediffDef>
    <defName>MovingHigh</defName>
    <hediffClass>HediffWithComps</hediffClass>
    <label>high on Moving potion of stats</label>
    <description>Strange substances in the bloodstream.</description>
    <labelNoun>a Moving potion of stats high</labelNoun>
    <defaultLabelColor>(0,1,0.5)</defaultLabelColor>
    <scenarioCanAdd>true</scenarioCanAdd>
    <maxSeverity>1.0</maxSeverity>
    <isBad>false</isBad>
    <comps>
      <li Class="HediffCompProperties_SeverityPerDay">
        <severityPerDay>-0.50</severityPerDay>
      </li>
    </comps>
      <stages>
        <li>
			<capMods>
            	<li>
              		<capacity>Moving</capacity>
              		<offset>0.50</offset>
            	</li>
        	</capMods>
        </li>
      </stages>
  </HediffDef>
  
  <!--==Metabolism==--> 
  <HediffDef>
    <defName>MetabolismHigh</defName>
    <hediffClass>HediffWithComps</hediffClass>
    <label>high on Metabolism potion of stats</label>
    <description>Strange substances in the bloodstream.</description>
    <labelNoun>a Metabolism potion of stats high</labelNoun>
    <defaultLabelColor>(0,1,0.5)</defaultLabelColor>
    <scenarioCanAdd>true</scenarioCanAdd>
    <maxSeverity>1.0</maxSeverity>
    <isBad>false</isBad>
    <comps>
      <li Class="HediffCompProperties_SeverityPerDay">
        <severityPerDay>-0.50</severityPerDay>
      </li>
    </comps>
      <stages>
        <li>
			<capMods>
            	<li>
              		<capacity>Metabolism</capacity>
              		<offset>0.50</offset>
            	</li>
        	</capMods>
        </li>
      </stages>
  </HediffDef>
  
  <!--==Breathing==-->
  <HediffDef>
    <defName>BreathingHigh</defName>
    <hediffClass>HediffWithComps</hediffClass>
    <label>high on Breathing potion of stats</label>
    <description>Strange substances in the bloodstream.</description>
    <labelNoun>a Breathing potion of stats high</labelNoun>
    <defaultLabelColor>(0,1,0.5)</defaultLabelColor>
    <scenarioCanAdd>true</scenarioCanAdd>
    <maxSeverity>1.0</maxSeverity>
    <isBad>false</isBad>
    <comps>
      <li Class="HediffCompProperties_SeverityPerDay">
        <severityPerDay>-0.50</severityPerDay>
      </li>
    </comps>
      <stages>
        <li>
			<capMods>
            	<li>
              		<capacity>Breathing</capacity>
              		<offset>0.50</offset>
            	</li>
        	</capMods>
        </li>
      </stages>
  </HediffDef>
  
  <!--==BloodFiltration==-->
  <HediffDef>
    <defName>BloodFiltrationHigh</defName>
    <hediffClass>HediffWithComps</hediffClass>
    <label>high on Blood filtration potion of stats</label>
    <description>Strange substances in the bloodstream.</description>
    <labelNoun>a Blood filtration potion of stats high</labelNoun>
    <defaultLabelColor>(0,1,0.5)</defaultLabelColor>
    <scenarioCanAdd>true</scenarioCanAdd>
    <maxSeverity>1.0</maxSeverity>
    <isBad>false</isBad>
    <comps>
      <li Class="HediffCompProperties_SeverityPerDay">
        <severityPerDay>-0.50</severityPerDay>
      </li>
    </comps>
      <stages>
        <li>
			<capMods>
            	<li>
              		<capacity>BloodFiltration</capacity>
              		<offset>0.50</offset>
            	</li>
        	</capMods>
        </li>
      </stages>
  </HediffDef>
  
  <!--==BloodPumping==-->
  <HediffDef>
    <defName>BloodPumpingHigh</defName>
    <hediffClass>HediffWithComps</hediffClass>
    <label>high on Blood pumping potion of stats</label>
    <description>Strange substances in the bloodstream.</description>
    <labelNoun>a Blood pumping potion of stats high</labelNoun>
    <defaultLabelColor>(0,1,0.5)</defaultLabelColor>
    <scenarioCanAdd>true</scenarioCanAdd>
    <maxSeverity>1.0</maxSeverity>
    <isBad>false</isBad>
    <comps>
      <li Class="HediffCompProperties_SeverityPerDay">
        <severityPerDay>-0.50</severityPerDay>
      </li>
    </comps>
      <stages>
        <li>
			<capMods>
            	<li>
              		<capacity>BloodPumping</capacity>
              		<offset>0.50</offset>
            	</li>
        	</capMods>
        </li>
      </stages>
  </HediffDef>
  
  <!--==Rest==-->
  <HediffDef>
    <defName>RestHigh</defName>
    <hediffClass>HediffWithComps</hediffClass>
    <label>high on Rest potion of stats</label>
    <description>Strange substances in the bloodstream.</description>
    <labelNoun>a Rest potion of stats high</labelNoun>
    <defaultLabelColor>(0,1,0.5)</defaultLabelColor>
    <scenarioCanAdd>true</scenarioCanAdd>
    <maxSeverity>1.0</maxSeverity>
    <isBad>false</isBad>
    <comps>
      <li Class="HediffCompProperties_SeverityPerDay">
        <severityPerDay>-0.50</severityPerDay>
      </li>
    </comps>
      <stages>
        <li>
          <restFallFactor>0.5</restFallFactor>
        </li>
      </stages>
  </HediffDef>
  
  <!--==Manipulation==-->
  <HediffDef>
    <defName>ManipulationHigh</defName>
    <hediffClass>HediffWithComps</hediffClass>
    <label>high on Manipulation potion of stats</label>
    <description>Strange substances in the bloodstream.</description>
    <labelNoun>a Blood pumping potion of stats high</labelNoun>
    <defaultLabelColor>(0,1,0.5)</defaultLabelColor>
    <scenarioCanAdd>true</scenarioCanAdd>
    <maxSeverity>1.0</maxSeverity>
    <isBad>false</isBad>
    <comps>
      <li Class="HediffCompProperties_SeverityPerDay">
        <severityPerDay>-0.50</severityPerDay>
      </li>
    </comps>
      <stages>
        <li>
			<capMods>
            	<li>
              		<capacity>Manipulation</capacity>
              		<offset>0.50</offset>
            	</li>
        	</capMods>
        </li>
      </stages>
  </HediffDef>
  
  <!--==Hunger==-->
  <HediffDef>
    <defName>HungerHigh</defName>
    <hediffClass>HediffWithComps</hediffClass>
    <label>high on Hunger potion of stats</label>
    <description>Strange substances in the bloodstream.</description>
    <labelNoun>a Hunger potion of stats high</labelNoun>
    <defaultLabelColor>(0,1,0.5)</defaultLabelColor>
    <scenarioCanAdd>true</scenarioCanAdd>
    <maxSeverity>1.0</maxSeverity>
    <isBad>false</isBad>
    <comps>
      <li Class="HediffCompProperties_SeverityPerDay">
        <severityPerDay>-0.50</severityPerDay>
      </li>
    </comps>
      <stages>
        <li>
          <hungerRateFactorOffset>0.5</hungerRateFactorOffset>
        </li>
      </stages>
  </HediffDef>

</Defs>